,index_x,PlayerName,Average,StandardDeviation,Average_STD_Ratio,GamesPlayed,level_0,index_y,Unnamed: 0,Name,Pos.,Height,From,To,Seasons
0,0,Russell Westbrook,56.608036624452716,12.606391760416328,4.490423405863061,63,494,494,14,Russell Westbrook,PG/SG,1.91/ 6'3'',2008,2021,13
1,1,Ty Jerome,55.25293653379729,21.725725136278815,2.543203330945805,32,239,239,7,Ty Jerome,PG/SG,1.96/ 6'5'',2019,2021,2
2,3,Kevin Porter Jr.,53.5538728908041,33.74213436000979,1.5871513141229918,26,389,389,13,Kevin Porter Jr.,SG/PG,1.93/ 6'4'',2019,2021,2
3,4,Kelly Olynyk,53.444172366069814,21.305469012431455,2.508471995377612,70,369,369,9,Kelly Olynyk,C/PF,2.11/ 6'11'',2013,2021,8
4,5,Mason Plumlee,53.20054691904507,19.662143624320198,2.705734834183647,55,384,384,8,Mason Plumlee,C,2.11/ 6'11'',2013,2021,8
5,6,T.J. McConnell,52.87896863152652,20.38147319980341,2.5944625353203894,68,314,314,15,T.J. McConnell,PG,1.85/ 6'1'',2015,2021,6
6,7,Al Horford,52.34848050132992,18.573917052994545,2.818386684508755,27,214,214,33,Al Horford,C/PF,2.06/ 6'9'',2007,2021,14
7,8,Trevor Ariza,52.32660797691189,25.546529281072385,2.048286379773751,29,16,16,16,Trevor Ariza,SF/PF,2.03/ 6'8'',2004,2021,17
8,9,Thaddeus Young,52.3227186311318,17.032881269418723,3.0718653998412684,67,516,516,0,Thaddeus Young,PF/C,2.03/ 6'8'',2007,2021,14
9,10,Domantas Sabonis,52.24231345365093,13.496252704300948,3.870875464342965,61,422,422,0,Domantas Sabonis,PF/C,2.11/ 6'11'',2016,2021,5
10,11,Nicolas Claxton,52.058003434011496,25.725604084355666,2.0235872115309887,31,97,97,17,Nicolas Claxton,C/PF,2.11/ 6'11'',2019,2021,2
11,12,Darius Garland,52.00313659659028,17.933510506114157,2.8997745075544805,52,155,155,3,Darius Garland,PG,1.85/ 6'1'',2019,2021,2
12,13,Cody Zeller,52.00184181763717,23.813775295245478,2.1836874318713995,46,519,519,0,Cody Zeller,C,2.13/ 7'0'',2013,2021,8
13,14,Cameron Payne,51.83032066295594,28.127788739245787,1.8426731352201455,56,381,381,5,Cameron Payne,PG,1.91/ 6'3'',2015,2021,6
14,15,James Harden,51.82177265345152,15.166004890649061,3.4169692695670557,44,185,185,4,James Harden,PG/SG,1.96/ 6'5'',2009,2021,12
15,17,Dewayne Dedmon,51.806141090355986,22.64133830753383,2.2881218586410887,15,116,116,3,Dewayne Dedmon,C,2.13/ 7'0'',2013,2021,8
16,18,Julius Randle,51.73006136274692,12.029229065146849,4.300363812393277,69,402,402,1,Julius Randle,PF,2.03/ 6'8'',2014,2021,7
17,19,Jaylen Brown,51.72147201416141,12.863433021748287,4.020814033603283,53,68,68,46,Jaylen Brown,SF/SG,1.98/ 6'6'',2016,2021,5
18,20,Clint Capela,51.65868279492501,16.559664873457127,3.1195488066746324,61,84,84,4,Clint Capela,C,2.08/ 6'10'',2014,2021,7
19,21,Kemba Walker,51.63489455775357,13.231222666150407,3.902503635574944,40,484,484,4,Kemba Walker,PG,1.83/ 6'0'',2011,2021,10
20,23,Donovan Mitchell,51.52115792116944,11.956452062411792,4.309067409983565,52,331,331,32,Donovan Mitchell,SG/PG,1.85/ 6'1'',2017,2021,4
21,24,Oshae Brissett,51.52059655289288,39.747383179844235,1.2962009679927509,20,61,61,39,Oshae Brissett,PF,2.01/ 6'7'',2019,2021,2
22,26,Stephen Curry,51.476465977117954,11.923489317105052,4.317231693517055,63,112,112,32,Stephen Curry,PG,1.91/ 6'3'',2009,2021,12
23,27,Robert Williams,51.46993530246498,25.270094768413177,2.036792333948853,47,505,505,25,Robert Williams,C,2.03/ 6'8'',2018,2021,3
24,28,Jimmy Butler,51.466417998402264,13.786499700483501,3.73310260882226,52,79,79,57,Jimmy Butler,SF/PF,2.01/ 6'7'',2011,2021,10
25,29,Giannis Antetokounmpo,51.46432368816526,13.208124186738724,3.896414279617138,58,11,11,11,Giannis Antetokounmpo,PF,2.11/ 6'11'',2013,2021,8
26,30,Jalen Brunson,51.4517985605798,21.938974483559512,2.345223501633425,67,72,72,50,Jalen Brunson,PG/SG,1.85/ 6'1'',2018,2021,3
27,31,Jrue Holiday,51.43833705660506,15.35430099086568,3.350093051269861,55,209,209,28,Jrue Holiday,PG/SG,1.91/ 6'3'',2009,2021,12
28,32,Lonzo Ball,51.39934779340111,18.70723902841359,2.7475646040194888,54,25,25,3,Lonzo Ball,PG,1.98/ 6'6'',2017,2021,4
29,33,JaVale McGee,51.3786653341567,24.39441957291417,2.10616469806086,45,318,318,19,JaVale McGee,C,2.13/ 7'0'',2008,2021,13
30,34,Malcolm Brogdon,51.37161537188425,16.063620014107837,3.1980098711727027,55,62,62,40,Malcolm Brogdon,PG/SG,1.96/ 6'5'',2016,2021,5
31,35,Chris Paul,51.35518940994424,15.127947341054638,3.3947229093384745,66,380,380,4,Chris Paul,PG,1.85/ 6'1'',2005,2021,16
32,36,Isaiah Stewart,51.33283880571133,23.424259988224346,2.191439082025087,67,445,445,23,Isaiah Stewart,C,2.06/ 6'9'',2020,2021,1
33,37,Armoni Brooks,51.29408585416131,26.617146543694915,1.9271068658677044,20,63,63,41,Armoni Brooks,PG/SG,1.91/ 6'3'',2020,2021,1
34,38,Pascal Siakam,51.27164859136859,17.10777383557348,2.9969795652053572,56,432,432,10,Pascal Siakam,PF,2.06/ 6'9'',2016,2021,5
35,39,Rudy Gobert,51.08282939715733,13.426090046585157,3.8047435418586315,69,167,167,15,Rudy Gobert,C,2.16/ 7'1'',2013,2021,8
36,40,OG Anunoby,51.05174634638338,16.114955175304846,3.1679732143851673,43,15,15,15,OG Anunoby,SF/PF,2.01/ 6'7'',2017,2021,4
37,41,Harrison Barnes,51.021904557605374,16.934539389110444,3.0128900104843956,57,29,29,7,Harrison Barnes,SF/PF,2.03/ 6'8'',2012,2021,9
38,42,De'Aaron Fox,51.01102289197357,15.79254980701113,3.2300688308943712,57,150,150,8,De'Aaron Fox,PG,1.91/ 6'3'',2017,2021,4
39,43,Evan Fournier,50.845105317717625,21.31766252579991,2.385116344542083,40,149,149,7,Evan Fournier,SG/SF,2.01/ 6'7'',2012,2021,9
40,44,Anthony Edwards,50.78723086285735,16.60254424024679,3.059002893047097,71,135,135,0,Anthony Edwards,SG/SF,1.98/ 6'6'',2020,2021,1
41,46,Alec Burks,50.61857184793182,25.5803513298801,1.9788067487878822,48,77,77,55,Alec Burks,SF/SG,1.98/ 6'6'',2011,2021,10
42,47,Dejounte Murray,50.61452273373715,16.606911693855125,3.047798631485798,65,343,343,44,Dejounte Murray,PG/SG,1.93/ 6'4'',2016,2021,4
43,48,Fred VanVleet,50.61125917421108,16.460713927823008,3.074669749813495,52,475,475,3,Fred VanVleet,PG/SG,1.85/ 6'1'',2016,2021,5
44,49,Derrick Rose,50.59786776926666,18.339521984275965,2.7589523768748454,49,417,417,16,Derrick Rose,SG/PG,1.88/ 6'2'',2008,2021,12
45,51,Draymond Green,50.53342215168689,17.79659949608158,2.8394987572099515,63,173,173,21,Draymond Green,PF/C,1.98/ 6'6'',2012,2021,9
46,52,Mike Conley,50.53094478847469,14.479131944196988,3.4899153473580102,50,101,101,21,Mike Conley,PG,1.85/ 6'1'',2007,2021,14
47,53,Zion Williamson,50.507895673981146,11.289535482133736,4.473868367207177,60,507,507,27,Zion Williamson,PF,1.98/ 6'6'',2019,2021,2
48,54,Josh Hart,50.47192473650678,21.139030333795247,2.3876177828183844,46,192,192,11,Josh Hart,SF/SG,1.96/ 6'5'',2017,2021,4
49,55,Hamidou Diallo,50.460362884246315,25.99748437937549,1.940970985803453,52,120,120,7,Hamidou Diallo,SG/SF,1.96/ 6'5'',2018,2021,3
50,56,Naz Reid,50.348420057536785,21.23719404487673,2.370766116801709,69,406,406,5,Naz Reid,C/PF,2.06/ 6'9'',2019,2021,2
51,57,Kevin Durant,50.32389284974801,14.3182588088458,3.514665681183105,33,134,134,21,Kevin Durant,PF/SF,2.08/ 6'10'',2007,2021,13
52,58,Kyle Anderson,50.24367178598867,16.03621251342169,3.133138310803542,66,10,10,10,Kyle Anderson,SF/PF,2.06/ 6'9'',2014,2021,7
53,59,Caris LeVert,50.213888643295526,17.079245514668976,2.9400530954466317,46,285,285,10,Caris LeVert,SG,1.98/ 6'6'',2016,2021,5
54,60,LeBron James,50.192744151936466,10.548012398606671,4.758502574244853,43,237,237,5,LeBron James,SF/PF,2.03/ 6'8'',2003,2021,18
55,61,Jerami Grant,50.17370844798572,15.820384359063725,3.171459511300715,53,171,171,19,Jerami Grant,PF/SF,2.03/ 6'8'',2014,2021,7
56,62,Justise Winslow,50.138050335075455,31.14247775996567,1.6099570086079986,25,509,509,29,Justise Winslow,PF/SF,1.98/ 6'6'',2015,2021,6
57,63,Kyrie Irving,50.04960723655352,11.985727190321741,4.175767263997772,52,229,229,4,Kyrie Irving,SG/PG,1.88/ 6'2'',2011,2021,10
58,64,Terry Rozier,50.04149852849057,16.73081858810545,2.9909772952811107,67,419,419,18,Terry Rozier,SG/PG,1.85/ 6'1'',2015,2021,6
59,65,Collin Sexton,50.03250839059178,13.460876901393592,3.716883287552534,58,429,429,7,Collin Sexton,SG/PG,1.85/ 6'1'',2018,2021,3
60,66,Shai Gilgeous-Alexander,50.01054700790181,14.624090649159385,3.4197372135939608,35,164,164,12,Shai Gilgeous-Alexander,PG/SG,1.96/ 6'5'',2018,2021,3
61,67,Myles Turner,49.98466545372861,16.329490917425826,3.0610057414826115,47,471,471,22,Myles Turner,C,2.11/ 6'11'',2015,2021,6
62,68,De'Anthony Melton,49.966043614999606,25.641047714994183,1.9486740234011901,51,323,323,24,De'Anthony Melton,PG/SG,1.88/ 6'2'',2018,2021,3
63,69,Rudy Gay,49.89826836092496,18.72970761109432,2.664124256342812,61,159,159,7,Rudy Gay,PF/SF,2.03/ 6'8'',2006,2021,15
64,70,Joel Embiid,49.86865190993497,14.935165599474308,3.33900897032506,49,140,140,5,Joel Embiid,C,2.13/ 7'0'',2016,2021,5
65,71,Kendrick Nunn,49.861505013621795,25.897287905478137,1.9253562456273434,55,356,356,9,Kendrick Nunn,PG/SG,1.88/ 6'2'',2019,2021,2
66,72,Jayson Tatum,49.86030489785385,12.158910951134319,4.100721281555428,59,450,450,1,Jayson Tatum,PF/SF,2.03/ 6'8'',2017,2021,4
67,73,Danny Green,49.80382960927302,22.10552801139886,2.2530033927980075,65,172,172,20,Danny Green,SF,1.98/ 6'6'',2009,2021,12
68,74,Bam Adebayo,49.75850224533188,10.96856859873222,4.536462693143307,63,2,2,2,Bam Adebayo,C,2.06/ 6'9'',2017,2021,4
69,76,Zach LaVine,49.610437580176026,14.12373937511826,3.5125568564069196,58,279,279,4,Zach LaVine,SG,1.98/ 6'6'',2014,2021,7
70,77,John Wall,49.59625394678111,14.898988883138598,3.328833542718453,39,486,486,6,John Wall,PG,1.93/ 6'4'',2010,2021,10
71,78,Bradley Beal,49.51571379556813,11.539914758092227,4.290821451765563,58,37,37,15,Bradley Beal,SG/SF,1.91/ 6'3'',2012,2021,9
72,79,Kyle Lowry,49.50783385777549,15.014017253937185,3.2974408527999297,46,296,296,21,Kyle Lowry,PG,1.83/ 6'0'',2006,2021,15
73,80,Trae Young,49.43580992040221,12.529223853077331,3.9456402487581195,60,517,517,1,Trae Young,PG,1.85/ 6'1'',2018,2021,3
74,81,Karl-Anthony Towns,49.41688815948447,10.42148824805847,4.741826405522347,50,468,468,19,Karl-Anthony Towns,C,2.11/ 6'11'',2015,2021,6
75,82,LaMelo Ball,49.38912689793582,18.42501481514075,2.680547472740718,51,24,24,2,LaMelo Ball,PG/SG,2.01/ 6'7'',2020,2021,1
76,83,Grayson Allen,49.27901471914276,23.412727725747732,2.1047959595476367,48,6,6,6,Grayson Allen,SG,1.93/ 6'4'',2018,2021,3
77,84,Miles Bridges,49.1947015729377,18.18978293910165,2.7045238383348904,64,60,60,38,Miles Bridges,PF/SF,1.98/ 6'6'',2018,2021,3
78,85,DeMar DeRozan,49.19445977241321,14.403834477920567,3.415372472366487,60,118,118,5,DeMar DeRozan,SF/SG,1.98/ 6'6'',2009,2021,12
79,86,Paul George,49.159714511957844,12.474737132588036,3.9407415153892758,52,160,160,8,Paul George,SG/SF,2.03/ 6'8'',2010,2021,11
80,87,Tyler Herro,49.15544473652748,19.06143821763184,2.5787899200102684,53,202,202,21,Tyler Herro,PG/SG,1.96/ 6'5'',2019,2021,2
81,88,Naji Marshall,49.14070041636547,28.339850905245857,1.7339787912317233,32,305,305,6,Naji Marshall,PF/SF,2.01/ 6'7'',2020,2021,1
82,89,Kawhi Leonard,49.105433289626546,9.788835661427312,5.016473356798236,51,284,284,9,Kawhi Leonard,SF,2.01/ 6'7'',2011,2021,10
83,90,Marvin Bagley III,49.09911935789765,19.65404997352638,2.498168032748121,41,23,23,1,Marvin Bagley III,PF/C,2.11/ 6'11'',2018,2021,3
84,91,Jeremy Lamb,49.098040977240224,27.37299565894735,1.7936670720652987,35,276,276,1,Jeremy Lamb,SG/SF,1.96/ 6'5'',2012,2021,9
85,92,Richaun Holmes,49.08801297289192,18.535221654799074,2.648363957394716,59,211,211,30,Richaun Holmes,C,2.08/ 6'10'',2015,2021,6
86,93,Christian Wood,49.062879934394395,14.579462024476847,3.3652050982419506,40,512,512,32,Christian Wood,C/PF,2.08/ 6'10'',2015,2021,5
87,94,Dillon Brooks,49.04471330940496,17.00397629077532,2.8843084976548563,64,64,64,42,Dillon Brooks,SG/SF,2.01/ 6'7'',2017,2021,4
88,95,Deandre Ayton,49.02533292527634,14.367832842855098,3.4121591934900524,65,20,20,20,Deandre Ayton,C,2.11/ 6'11'',2018,2021,3
89,96,Jordan Clarkson,49.01666912679061,15.037310955955807,3.2596698485759945,65,96,96,16,Jordan Clarkson,SG/PG,1.93/ 6'4'',2014,2021,7
90,97,Willy Hernangómez,49.00424425484514,29.10794448306861,1.6835350322778624,46,201,201,20,Willy Hernangómez,C,2.11/ 6'11'',2016,2021,5
91,98,David Nwaba,48.996506362757586,26.024653461951306,1.8826958228047763,29,358,358,11,David Nwaba,SF/SG,1.96/ 6'5'',2016,2021,5
92,99,Jakob Poeltl,48.99590421980417,19.633243151983866,2.4955583670267596,67,385,385,9,Jakob Poeltl,C,2.16/ 7'1'',2016,2021,5
93,100,Nickeil Alexander-Walker,48.99352219147743,29.527950492565562,1.6592252890634194,45,5,5,5,Nickeil Alexander-Walker,SG/PG,1.96/ 6'5'',2019,2021,2
94,101,Donte DiVincenzo,48.96631229109825,19.010850446613475,2.575703408356512,63,123,123,10,Donte DiVincenzo,SG/PG,1.93/ 6'4'',2018,2021,3
95,102,Daniel Theis,48.95677316379151,24.66629945433123,1.9847635943297137,61,454,454,5,Daniel Theis,PF/C,2.03/ 6'8'',2017,2021,4
96,103,Chris Boucher,48.90428734362554,24.378362982465344,2.0060529650330086,60,55,55,33,Chris Boucher,C/PF,2.06/ 6'9'',2017,2021,4
97,104,Reggie Bullock,48.88536854526475,18.609489253462858,2.626905439447681,63,75,75,53,Reggie Bullock,SF/SG,1.98/ 6'6'',2013,2021,8
98,105,Gordon Hayward,48.88281580585351,15.1843076331732,3.219298303668393,43,198,198,17,Gordon Hayward,SF/PF,2.01/ 6'7'',2010,2021,11
99,106,Damian Lillard,48.86079339943341,11.69967097005691,4.1762536334981855,66,288,288,13,Damian Lillard,PG,1.88/ 6'2'',2012,2021,9
100,107,Hassan Whiteside,48.8359591722318,29.67179942641443,1.6458711677848918,36,497,497,17,Hassan Whiteside,C,2.13/ 7'0'',2010,2021,9
101,109,Bobby Portis,48.67456247742376,20.687331654994313,2.3528680880249144,63,391,391,15,Bobby Portis,PF/C,2.08/ 6'10'',2015,2021,6
102,110,Enes Kanter,48.67205548985583,20.386049749416163,2.387517743168941,71,261,261,3,Enes Kanter,C,2.08/ 6'10'',2011,2021,10
103,111,Devonte' Graham,48.66767014999296,14.567134717608843,3.34092263807811,53,170,170,18,Devonte' Graham,PG,1.85/ 6'1'',2018,2021,3
104,112,Derrick White,48.6573395506902,16.627761062050222,2.9262712742331587,35,496,496,16,Derrick White,SG/PG,1.93/ 6'4'',2017,2021,4
105,113,Nerlens Noel,48.6548543511152,19.95061485460248,2.4387646549094115,62,353,353,6,Nerlens Noel,C,2.08/ 6'10'',2014,2021,7
106,114,Brook Lopez,48.64251507370131,16.707985704318116,2.9113332950201074,66,292,292,17,Brook Lopez,C,2.13/ 7'0'',2008,2021,13
107,115,Talen Horton-Tucker,48.61607989579278,26.196079232264026,1.8558532925765272,62,215,215,34,Talen Horton-Tucker,SG/SF,1.93/ 6'4'',2019,2021,2
108,116,Andrew Wiggins,48.61387830786585,14.816737984053209,3.2810108648872274,71,500,500,20,Andrew Wiggins,SF/SG,2.01/ 6'7'',2014,2021,7
109,117,Tyrese Haliburton,48.56595706646393,17.75872427195453,2.734766097087375,57,182,182,1,Tyrese Haliburton,SG/PG,1.96/ 6'5'',2020,2021,1
110,118,Ja Morant,48.512096405164094,16.895000716588665,2.871387650047958,60,336,336,37,Ja Morant,PG,1.91/ 6'3'',2019,2021,2
111,119,Malik Beasley,48.50636433077684,15.701262737272403,3.08932887388924,37,38,38,16,Malik Beasley,SG/SF,1.93/ 6'4'',2016,2021,5
112,120,Shake Milton,48.48717675800528,20.243899698994415,2.3951500194606186,61,329,329,30,Shake Milton,PG/SG,1.96/ 6'5'',2018,2021,3
113,121,Cole Anthony,48.443032994383096,15.593489258736657,3.1066191915476282,45,14,14,14,Cole Anthony,PG,1.91/ 6'3'',2020,2021,1
114,122,Josh Jackson,48.42471632305215,20.681482281946096,2.3414528834485195,61,234,234,2,Josh Jackson,SF/PF,2.03/ 6'8'',2017,2021,4
115,123,Michael Porter Jr.,48.4177019139571,14.279167963865305,3.390792939510367,60,390,390,14,Michael Porter Jr.,SF/PF,2.08/ 6'10'',2019,2021,2
116,124,Tobias Harris,48.40488098799855,13.424287870440246,3.605768995358346,59,191,191,10,Tobias Harris,PF/SF,2.02/ 6'8'',2011,2021,10
117,125,Jamal Murray,48.37523427244298,15.661187419296818,3.0888612068352996,46,344,344,45,Jamal Murray,PG/SG,1.93/ 6'4'',2016,2021,5
118,126,Paul Millsap,48.37076316543002,18.677864869042672,2.5897372908828227,55,328,328,29,Paul Millsap,PF/C,2.01/ 6'7'',2006,2021,15
119,127,D'Angelo Russell,48.328473058175796,16.77534519764399,2.880922716568794,41,421,421,20,D'Angelo Russell,PG/SG,1.93/ 6'4'',2015,2021,6
120,128,P.J. Washington,48.2597368203732,19.98431362367961,2.4148808775293515,62,489,489,9,P.J. Washington,PF/C,2.01/ 6'7'',2019,2021,2
121,129,Brandon Clarke,48.25404374371622,17.010093389537023,2.836788878149104,56,95,95,15,Brandon Clarke,C/PF,2.03/ 6'8'',2019,2021,2
122,130,Justin Holiday,48.23434731368565,18.264874886525043,2.640825497757483,71,210,210,29,Justin Holiday,SF/SG,1.98/ 6'6'',2012,2021,8
123,131,Mike Muscala,48.18958377397237,21.458750938422813,2.245684472141706,35,345,345,46,Mike Muscala,C,2.08/ 6'10'',2013,2021,8
124,132,Delon Wright,48.17347895657351,23.85596094281192,2.019347662081445,61,514,514,34,Delon Wright,PG/SG,1.96/ 6'5'',2015,2021,6
125,133,Taj Gibson,48.11450584985775,23.863994709008495,2.0161966358337673,44,161,161,9,Taj Gibson,C/PF,2.06/ 6'9'',2009,2021,12
126,134,Tony Bradley,48.09570787156336,26.56467587073216,1.810513634934021,39,57,57,35,Tony Bradley,C,2.08/ 6'10'',2017,2021,4
127,135,Khris Middleton,48.020602824190064,13.64118321949095,3.520266684460093,64,326,326,27,Khris Middleton,SF/SG,2.01/ 6'7'',2012,2021,9
128,136,Cam Reddish,48.01056510528507,21.25992892732096,2.25826555062407,25,404,404,3,Cam Reddish,SF/SG,2.03/ 6'8'',2019,2021,2
129,137,Carmelo Anthony,47.95507486069323,20.761001681595623,2.3098632520802127,68,13,13,13,Carmelo Anthony,PF/SF,2.03/ 6'8'',2003,2021,18
130,138,Cory Joseph,47.92019548954145,26.972358575855303,1.7766409027513783,61,257,257,25,Cory Joseph,PG/SG,1.91/ 6'3'',2011,2021,10
131,139,Bruce Brown,47.87528611341173,26.52748817385344,1.8047425296979134,63,65,65,43,Bruce Brown,SG/SF,1.93/ 6'4'',2018,2021,3
132,140,Brandon Ingram,47.86060496441741,11.442518477650257,4.182698508016364,60,228,228,3,Brandon Ingram,SF/PF,2.01/ 6'7'',2016,2021,5
133,141,Desmond Bane,47.838756954885504,22.61687050772467,2.115180211981425,65,27,27,5,Desmond Bane,SF/SG,1.98/ 6'6'',2020,2021,1
134,142,Victor Oladipo,47.82460814840789,12.852717860043729,3.720972378696966,32,367,367,7,Victor Oladipo,SG/PG,1.93/ 6'4'',2013,2021,8
135,143,Dorian Finney-Smith,47.80386881947985,14.968695431695778,3.193589517377483,59,145,145,3,Dorian Finney-Smith,SF/PF,2.01/ 6'7'',2016,2021,5
136,144,Tim Hardaway Jr.,47.78785797305345,19.14311279382944,2.4963473019109674,69,184,184,3,Tim Hardaway Jr.,SG/SF,1.96/ 6'5'',2013,2021,8
137,145,Doug McDermott,47.78426095273139,19.35308639977385,2.469077022943987,66,317,317,18,Doug McDermott,SF/PF,2.01/ 6'7'',2014,2021,7
138,146,Moses Brown,47.72922544857662,30.539645290988965,1.562861159447049,42,69,69,47,Moses Brown,C,2.18/ 7'2'',2019,2021,2
139,147,RJ Barrett,47.707756401996896,14.406217481209568,3.3116087872631006,70,31,31,9,RJ Barrett,SF/SG,1.98/ 6'6'',2019,2021,2
140,148,Andre Drummond,47.7044731331609,18.26730225123646,2.6114678827264672,43,131,131,18,Andre Drummond,C,2.08/ 6'10'',2012,2021,9
141,149,Dennis Schröder,47.6259289264521,14.441221583237839,3.2979155296482876,58,426,426,4,Dennis Schröder,PG/SG,1.85/ 6'1'',2013,2021,8
142,150,Jae Crowder,47.59302354492043,18.85691820228745,2.5239025292662682,57,108,108,28,Jae Crowder,PF/SF,1.98/ 6'6'',2012,2021,9
143,151,Mikal Bridges,47.555122448891154,17.31337668736586,2.746727187169311,68,59,59,37,Mikal Bridges,SF/SG,1.98/ 6'6'',2018,2021,3
144,152,Marcus Smart,47.53655368010062,13.291088125137874,3.5765735079427516,45,437,437,15,Marcus Smart,SG/PG,1.91/ 6'3'',2014,2021,7
145,153,Norman Powell,47.5341289134569,17.648438024848744,2.693390137219483,68,394,394,18,Norman Powell,SF/SG,1.91/ 6'3'',2015,2021,6
146,154,Jae'Sean Tate,47.52200105319046,17.88990155004665,2.6563590034438476,69,449,449,0,Jae'Sean Tate,SF/PF,1.93/ 6'4'',2020,2021,1
147,155,Wendell Carter Jr.,47.50341419001346,16.703762793649013,2.843875046410194,53,87,87,7,Wendell Carter Jr.,C,2.06/ 6'9'',2018,2021,3
148,156,Joe Ingles,47.49260520851075,18.411816254914868,2.5794633484805187,64,227,227,2,Joe Ingles,SF/SG,2.01/ 6'7'',2014,2021,7
149,157,De'Andre Hunter,47.42562068219884,18.254966616461424,2.597957130167128,22,221,221,40,De'Andre Hunter,SF/PF,2.01/ 6'7'',2019,2021,2
150,158,Frank Kaminsky,47.39335540298211,28.484318662962178,1.6638402330685595,44,260,260,2,Frank Kaminsky,C/PF,2.13/ 7'0'',2015,2021,6
151,159,Killian Hayes,47.3456718265178,26.680736912085443,1.7745263926751538,25,197,197,16,Killian Hayes,PG,1.96/ 6'5'',2020,2021,1
152,160,Khem Birch,47.30501747619014,24.254103396409192,1.950392339928493,65,44,44,22,Khem Birch,C,2.06/ 6'9'',2017,2021,4
153,161,Saddiq Bey,47.23754795483333,26.83696312581483,1.7601674128841691,69,42,42,20,Saddiq Bey,SF/PF,2.03/ 6'8'',2020,2021,1
154,162,Buddy Hield,47.23132769292877,14.543126876058443,3.247673495215333,69,203,203,22,Buddy Hield,SG/SF,1.93/ 6'4'',2016,2021,5
155,164,Isaac Okoro,47.21476648819322,21.619089165146463,2.1839387463330886,65,365,365,5,Isaac Okoro,SF/SG,1.98/ 6'6'',2020,2021,1
156,166,Kentavious Caldwell-Pope,47.188288452307766,20.24360344521686,2.331022171028418,64,81,81,1,Kentavious Caldwell-Pope,SG/SF,1.96/ 6'5'',2013,2021,8
157,169,Daniel Gafford,47.12190942782706,25.07241127422025,1.879432692470164,53,153,153,1,Daniel Gafford,C,2.08/ 6'10'',2019,2021,2
158,170,Royce O'Neale,47.085000848892825,16.836619746771657,2.796582779504844,68,371,371,11,Royce O'Neale,PF/SF,1.93/ 6'4'',2017,2021,4
159,171,Darius Bazley,47.02906290416214,17.305549510831174,2.7175711973045207,55,36,36,14,Darius Bazley,PF,2.03/ 6'8'',2019,2021,2
160,172,Taurean Prince,46.94940649216085,23.396870517094012,2.006653259796394,41,397,397,21,Taurean Prince,PF/SF,2.01/ 6'7'',2016,2021,5
161,173,Josh Richardson,46.89707420703917,16.986143854699087,2.7609017448692716,58,408,408,7,Josh Richardson,SG/SF,1.96/ 6'5'',2015,2021,6
162,174,Luguentz Dort,46.88981874854399,23.36501005851939,2.006839228021087,51,125,125,12,Luguentz Dort,SG/SF,1.91/ 6'3'',2019,2021,2
163,175,Théo Maledon,46.879605319763236,18.528417630991125,2.5301461923737705,63,299,299,0,Théo Maledon,PG,1.91/ 6'3'',2020,2021,1
164,177,Derrick Favors,46.844607824205454,16.815140956488623,2.7858587653485634,67,143,143,1,Derrick Favors,C/PF,2.06/ 6'9'',2010,2021,11
165,178,Cameron Johnson,46.76816809832066,16.36667528311196,2.8575240413414105,56,242,242,10,Cameron Johnson,PF/SF,2.03/ 6'8'',2019,2021,2
166,179,Devin Booker,46.72214760947361,11.8095441238807,3.9563040807810945,63,53,53,31,Devin Booker,SG,1.96/ 6'5'',2015,2021,6
167,180,Aleksej Pokusevski,46.66181551800846,25.90509976469807,1.8012598269008178,44,386,386,10,Aleksej Pokusevski,SF/PF,2.13/ 7'0'',2020,2021,1
168,181,Dwight Howard,46.63010012456208,22.87235192404324,2.0387103293712823,65,217,217,36,Dwight Howard,C,2.11/ 6'11'',2004,2021,17
169,182,Rajon Rondo,46.575462081839234,25.776797565972636,1.8068754259575845,44,416,416,15,Rajon Rondo,PG,1.85/ 6'1'',2006,2021,15
170,183,Jaren Jackson Jr.,46.532626818361884,11.820469312089479,3.9366141554777583,11,236,236,4,Jaren Jackson Jr.,PF/C,2.11/ 6'11'',2018,2021,3
171,184,Jay Scrubb,46.51785714285714,48.168396249027495,0.9657339825549272,4,427,427,5,Jay Scrubb,SF/SG,1.98/ 6'6'',2020,2021,1
172,185,Alex Caruso,46.48614863401985,18.81692403982825,2.4704435504775595,56,89,89,9,Alex Caruso,SG/PG,1.96/ 6'5'',2017,2021,4
173,186,Coby White,46.47203875720277,16.497407582259065,2.8169297827846442,68,495,495,15,Coby White,PG/SG,1.93/ 6'4'',2019,2021,2
174,187,Marcus Morris,46.46238915961002,20.74049978673298,2.2401769309980897,56,338,338,39,Marcus Morris,PF/SF,2.03/ 6'8'',2011,2021,10
175,188,Lauri Markkanen,46.38773300564088,17.180302814811146,2.700053282276841,51,304,304,5,Lauri Markkanen,PF/C,2.13/ 7'0'',2017,2021,4
176,189,Duncan Robinson,46.387671982191975,16.313828787069355,2.8434570809618713,71,411,411,10,Duncan Robinson,SG/SF,2.01/ 6'7'',2018,2021,3
177,190,Isaiah Roby,46.34266135754789,22.468901257498153,2.062524590163605,60,415,415,14,Isaiah Roby,C/PF,2.03/ 6'8'',2019,2021,2
178,191,Monte Morris,46.325584465155956,16.80304437889055,2.7569756658712508,45,340,340,41,Monte Morris,PG/SG,1.88/ 6'2'',2017,2021,4
179,192,Jarrett Allen,46.31920664013877,17.55701999850238,2.638215747552251,61,7,7,7,Jarrett Allen,C,2.11/ 6'11'',2017,2021,4
180,193,Ricky Rubio,46.30155574874978,18.840037836102056,2.4576147962943486,67,420,420,19,Ricky Rubio,PG,1.91/ 6'3'',2011,2021,10
181,195,Sterling Brown,46.215966714816716,25.426321651630133,1.8176426518954902,50,70,70,48,Sterling Brown,SG/SF,1.96/ 6'5'',2017,2021,4
182,196,Ivica Zubac,46.21307811510785,18.83573678161417,2.453478653418914,70,520,520,1,Ivica Zubac,C,2.13/ 7'0'',2016,2021,5
183,197,Tristan Thompson,46.18334691478471,15.574776527302104,2.96526546200048,50,460,460,11,Tristan Thompson,C/PF,2.06/ 6'9'',2011,2021,10
184,198,Kevin Huerter,46.117851643367416,16.70106288803164,2.761372252326318,67,219,219,38,Kevin Huerter,SF/SG,2.01/ 6'7'',2018,2021,3
185,201,Ish Smith,46.04225722321533,20.113751739740866,2.2890934430817684,43,439,439,17,Ish Smith,PG,1.83/ 6'0'',2010,2021,11
186,202,Seth Curry,46.0405556789045,19.637787998825246,2.3444878660294477,54,111,111,31,Seth Curry,SG/PG,1.88/ 6'2'',2013,2021,7
187,203,Robin Lopez,46.01139851548637,24.077843828084166,1.9109434733445325,69,293,293,18,Robin Lopez,C,2.13/ 7'0'',2008,2021,13
188,204,Keldon Johnson,45.99001817659762,20.05290125622237,2.293434630179861,67,246,246,14,Keldon Johnson,PF/SF,1.96/ 6'5'',2019,2021,2
189,206,Eric Bledsoe,45.89595576810432,18.368817179679258,2.4985798115992637,70,47,47,25,Eric Bledsoe,PG/SG,1.85/ 6'1'',2010,2021,11
190,208,Will Barton,45.83279956718823,18.831679562218408,2.4338136922816798,54,32,32,10,Will Barton,SG/SF,1.96/ 6'5'',2012,2021,9
191,209,Gary Trent Jr.,45.776170733924644,21.81259480124555,2.098611886895305,58,469,469,20,Gary Trent Jr.,SG/SF,1.96/ 6'5'',2018,2021,3
192,210,JaMychal Green,45.7711547376054,20.26279853339605,2.25887626835789,56,175,175,23,JaMychal Green,PF/C,2.03/ 6'8'',2014,2021,7
193,211,Alize Johnson,45.76751992663094,59.073152627790996,0.7747600710428241,15,241,241,9,Alize Johnson,SF/PF,2.01/ 6'7'',2018,2021,3
194,212,Pat Connaughton,45.752517435856134,20.827221371400782,2.196765311127,65,102,102,22,Pat Connaughton,SF/SG,1.96/ 6'5'',2015,2021,6
195,213,Nicolas Batum,45.70780393495519,17.627877663371635,2.592927226283733,65,34,34,12,Nicolas Batum,PF/SF,2.04/ 6'8'',2008,2021,13
196,214,Jarred Vanderbilt,45.677908135846,26.75444232686556,1.7073018221717289,63,474,474,2,Jarred Vanderbilt,PF/C,2.06/ 6'9'',2018,2021,3
197,215,Drew Eubanks,45.67269117386582,27.05031593333215,1.688434666952879,52,141,141,6,Drew Eubanks,C,2.06/ 6'9'',2018,2021,3
198,216,Jordan Poole,45.647146007880885,28.913555594813815,1.578745507732316,51,387,387,11,Jordan Poole,PG/SG,1.93/ 6'4'',2019,2021,2
199,217,Patrick Williams,45.62634729798477,20.604537834111483,2.2143834365674957,70,504,504,24,Patrick Williams,PF/SF,2.03/ 6'8'',2020,2021,1
200,218,Chuma Okeke,45.48755300740418,18.091237392984283,2.514341723526556,45,362,362,2,Chuma Okeke,PF/SF,2.03/ 6'8'',2020,2021,1
201,219,Facundo Campazzo,45.47126973807395,25.413456368922155,1.789259559108232,63,82,82,2,Facundo Campazzo,PG,1.81/ 5'11'',2020,2021,1
202,220,Dennis Smith Jr.,45.46654177471011,22.707121222854074,2.0023032126568876,23,441,441,19,Dennis Smith Jr.,PG,1.88/ 6'2'',2017,2021,4
203,221,Mo Bamba,45.45192437558456,26.034213017228375,1.7458535944799385,45,26,26,4,Mo Bamba,C,2.13/ 7'0'',2018,2021,3
204,222,Patty Mills,45.35515330133467,18.178208462615995,2.495028781004951,66,327,327,28,Patty Mills,PG/SG,1.85/ 6'1'',2009,2021,12
205,223,Kenrich Williams,45.33421804082756,24.231981491987113,1.8708423847145312,65,502,502,22,Kenrich Williams,SF,1.98/ 6'6'',2018,2021,3
206,224,DeAndre Jordan,45.298889576572755,19.90112659850936,2.276197247042574,54,256,256,24,DeAndre Jordan,C,2.11/ 6'11'',2008,2021,13
207,225,Gorgui Dieng,45.27387236805622,30.32550104748195,1.4929307284047493,36,121,121,8,Gorgui Dieng,C,2.08/ 6'10'',2013,2021,8
208,226,Maxi Kleber,45.26995143017339,19.039356756144308,2.3777038273923856,49,265,265,7,Maxi Kleber,PF/C,2.07/ 6'9'',2017,2021,4
209,227,Furkan Korkmaz,45.258176794376304,26.018660173013714,1.7394507055101023,52,269,269,11,Furkan Korkmaz,SG/SF,2.01/ 6'7'',2017,2021,4
210,228,DeAndre' Bembry,45.24617993677126,28.21748063806651,1.6034804990964486,51,39,39,17,DeAndre' Bembry,SF,1.96/ 6'5'',2016,2021,5
211,229,John Collins,45.19955413386867,16.098400354295652,2.8077046873671363,60,99,99,19,John Collins,PF/C,2.06/ 6'9'',2017,2021,4
212,230,Wayne Ellington,45.15297865609715,26.39911199486899,1.7103976324988968,46,139,139,4,Wayne Ellington,SG,1.93/ 6'4'',2009,2021,12
213,231,Robert Covington,45.14447590645336,16.116828173838588,2.801076950099492,69,106,106,26,Robert Covington,PF/SF,2.01/ 6'7'',2013,2021,8
214,232,Serge Ibaka,45.11598229601341,14.874046226785723,3.033201699667096,39,225,225,0,Serge Ibaka,C,2.13/ 7'0'',2009,2021,12
215,233,Michael Carter-Williams,45.00285754896356,19.503425939322725,2.3074334575357343,31,88,88,8,Michael Carter-Williams,PG/SG,1.96/ 6'5'',2013,2021,8
216,234,Jeff Green,44.983219336572226,20.143612306814447,2.233125749811751,65,177,177,25,Jeff Green,PF,2.03/ 6'8'',2007,2021,13
217,235,Eric Gordon,44.94267501675319,16.22864265087313,2.7693428208141113,26,169,169,17,Eric Gordon,SG/PG,1.91/ 6'3'',2008,2021,13
218,236,Torrey Craig,44.876734716246624,28.093233340251526,1.597421491955786,48,107,107,27,Torrey Craig,SF,2.01/ 6'7'',2017,2021,4
219,237,Kevin Love,44.854736247102345,19.890670232315557,2.2550640940308133,24,295,295,20,Kevin Love,PF/C,2.03/ 6'8'',2008,2021,13
220,238,Terrence Ross,44.743864753013106,18.29316587781571,2.4459333639604943,45,418,418,17,Terrence Ross,SF/SG,1.98/ 6'6'',2012,2021,9
221,239,Markelle Fultz,44.73411172968286,18.640366307714583,2.3998515367784914,8,151,151,9,Markelle Fultz,PG/SG,1.91/ 6'3'',2017,2021,4
222,240,Steven Adams,44.55831511616582,17.273841379348706,2.579525546033806,58,1,1,1,Steven Adams,C,2.11/ 6'11'',2013,2021,8
223,241,Jordan Nwora,44.54775980758964,49.92755315497094,0.8922480072139152,28,359,359,12,Jordan Nwora,SF/PF,2.01/ 6'7'',2020,2021,1
224,242,Immanuel Quickley,44.54511827765505,26.840076664445537,1.659649442680728,62,400,400,1,Immanuel Quickley,PG/SG,1.91/ 6'3'',2020,2021,1
225,243,Kent Bazemore,44.45981444951236,26.769435564406415,1.6608424313819936,67,35,35,13,Kent Bazemore,SF/SG,1.93/ 6'4'',2012,2021,9
226,244,Raul Neto,44.45291681179297,22.92965117769956,1.938665201109821,62,350,350,3,Raul Neto,PG/SG,1.85/ 6'1'',2015,2021,6
227,245,Reggie Jackson,44.393001410375874,23.240824367998485,1.910130239248438,65,235,235,3,Reggie Jackson,PG/SG,1.91/ 6'3'',2011,2021,10
228,246,George Hill,44.38521613258767,20.484185619340042,2.1668040388523715,29,205,205,24,George Hill,PG/SG,1.91/ 6'3'',2008,2021,13
229,247,Joe Harris,44.32619134283043,15.763809200613938,2.81189595602972,66,190,190,9,Joe Harris,SF/SG,1.98/ 6'6'',2014,2021,7
230,248,Blake Griffin,44.32288502943922,16.724950080093233,2.650105669504763,42,179,179,27,Blake Griffin,PF/C,2.06/ 6'9'',2010,2021,11
231,249,Danilo Gallinari,44.319114380187834,24.499120724969416,1.8090083671867436,49,154,154,2,Danilo Gallinari,PF/SF,2.08/ 6'10'',2008,2021,12
232,250,D.J. Augustin,44.2701063936469,23.98271062326746,1.8459175482314782,55,17,17,17,D.J. Augustin,PG,1.80/ 5'11'',2008,2021,13
233,251,Jaxson Hayes,44.26284695433737,23.29642170301795,1.8999847924543414,59,196,196,15,Jaxson Hayes,C,2.11/ 6'11'',2019,2021,2
234,252,Andre Iguodala,44.25629213723548,20.75055638828152,2.132776167979205,62,226,226,1,Andre Iguodala,SF/PF,1.98/ 6'6'',2004,2021,17
235,253,Kyle Kuzma,44.207545250097326,17.790710221902152,2.4848668040061375,65,274,274,16,Kyle Kuzma,SF/PF,2.06/ 6'9'',2017,2021,4
236,254,James Wiseman,44.14818278119552,16.203492853738176,2.724609019777514,39,511,511,31,James Wiseman,C,2.16/ 7'1'',2020,2021,1
237,256,Garrett Temple,44.09386657981189,19.805907059410572,2.226298772762399,55,451,451,2,Garrett Temple,SG/SF,1.96/ 6'5'',2009,2021,11
238,257,Jordan McLaughlin,44.07639484011543,20.419827985648823,2.1585096050315693,50,321,321,22,Jordan McLaughlin,PG,1.80/ 5'11'',2019,2021,2
239,258,Ben Simmons,44.04930906039134,12.747907372414604,3.4554148985825175,55,433,433,11,Ben Simmons,PG,2.07/ 6'9'',2017,2021,4
240,259,Terance Mann,44.0480696619273,29.20498249708497,1.5082381804654004,65,301,301,2,Terance Mann,SG/SF,1.96/ 6'5'',2019,2021,2
241,260,Malik Monk,44.03024356820223,28.703484479085834,1.533968588388072,42,333,333,34,Malik Monk,SG,1.91/ 6'3'',2017,2021,4
242,261,Patrick Beverley,44.023013696814175,22.31841878573409,1.9724969819525764,35,41,41,19,Patrick Beverley,PG,1.85/ 6'1'',2012,2021,9
243,262,Mitchell Robinson,44.00251455099715,14.47369969777875,3.0401704795457465,30,413,413,12,Mitchell Robinson,C,2.13/ 7'0'',2018,2021,3
244,263,Rui Hachimura,43.9851646350973,17.28664348373499,2.544459523127376,55,181,181,0,Rui Hachimura,PF/C,2.03/ 6'8'',2019,2021,2
245,264,Jaden McDaniels,43.93229068115991,22.26901198232483,1.9727992744370282,62,315,315,16,Jaden McDaniels,PF/SF,2.08/ 6'10'',2020,2021,1
246,265,Dwayne Bacon,43.89063405081007,19.670971261890223,2.2312387866603256,70,22,22,0,Dwayne Bacon,SF/SG,2.01/ 6'7'',2017,2021,4
247,266,Goga Bitadze,43.72748451605507,24.576763827106603,1.7792206013643848,43,45,45,23,Goga Bitadze,C,2.11/ 6'11'',2019,2021,2
248,268,Cedi Osman,43.55249276667179,24.45129993800188,1.7811933466565142,57,373,373,13,Cedi Osman,SF,2.01/ 6'7'',2017,2021,4
249,270,Marquese Chriss,43.401162790697676,12.867698983220311,3.3728767549888676,2,93,93,13,Marquese Chriss,C,2.06/ 6'9'',2016,2021,5
250,271,Kira Lewis Jr.,43.34931350774176,25.866570262885066,1.6758817681346028,53,287,287,12,Kira Lewis Jr.,SG/PG,1.91/ 6'3'',2020,2021,1
251,272,Anthony Davis,43.329951633020286,15.090260109035718,2.871385338618203,35,113,113,0,Anthony Davis,PF/C,2.08/ 6'10'',2012,2021,9
252,274,LaMarcus Aldridge,43.26959352980885,20.010619946816632,2.162331484222324,26,4,4,4,LaMarcus Aldridge,C/PF,2.11/ 6'11'',2006,2021,15
253,275,Bryn Forbes,43.21573878173572,24.07514227795941,1.795035654734193,66,147,147,5,Bryn Forbes,SG/PG,1.88/ 6'2'',2016,2021,5
254,277,Montrezl Harrell,43.159175807993826,17.049875909894507,2.531348382597165,66,188,188,7,Montrezl Harrell,C/PF,2.01/ 6'7'',2015,2021,6
255,278,Terence Davis,43.12073478591246,28.450100260669267,1.5156619622013972,60,114,114,1,Terence Davis,SF/SG,1.93/ 6'4'',2019,2021,2
256,279,Lonnie Walker,43.07880893722822,21.649954622205524,1.9897874932746484,58,485,485,5,Lonnie Walker,SG,1.96/ 6'5'',2018,2021,3
257,280,Alex Len,43.05368019472054,29.13229801096177,1.477867629203865,63,283,283,8,Alex Len,C,2.13/ 7'0'',2013,2021,8
258,282,Tyus Jones,42.983457078662056,19.7225518914377,2.1794064639942863,67,254,254,22,Tyus Jones,PG,1.83/ 6'0'',2015,2021,6
259,283,Malachi Flynn,42.9428199834069,31.253842403868003,1.3740012964963393,47,146,146,4,Malachi Flynn,PG/SG,1.85/ 6'1'',2020,2021,1
260,284,James Johnson,42.849647922299646,26.050502913604237,1.644868356837843,50,245,245,13,James Johnson,PF,2.01/ 6'7'',2009,2021,12
261,285,Dwight Powell,42.84739382036084,29.395105000411675,1.4576370392199915,57,393,393,17,Dwight Powell,C,2.08/ 6'10'',2014,2021,7
262,286,Saben Lee,42.813666670797424,28.32701116915492,1.5114078366805221,48,282,282,7,Saben Lee,PG,1.88/ 6'2'',2020,2021,1
263,287,Kevon Looney,42.76576170610373,18.148807168052965,2.3563951784877393,61,291,291,16,Kevon Looney,C,2.06/ 6'9'',2015,2021,6
264,288,Aaron Holiday,42.64227472938333,28.07911412884088,1.5186474378685686,65,208,208,27,Aaron Holiday,PG,1.83/ 6'0'',2018,2021,3
265,289,Elfrid Payton,42.587470366390086,20.182171729972566,2.1101530071287318,62,382,382,6,Elfrid Payton,PG,1.91/ 6'3'',2014,2021,7
266,290,Frank Jackson,42.523313168721366,29.30843811247882,1.4508897746624025,40,232,232,0,Frank Jackson,SG/PG,1.91/ 6'3'',2018,2021,3
267,294,Payton Pritchard,42.21844443003709,26.85405889432408,1.572143883208674,61,398,398,22,Payton Pritchard,PG,1.88/ 6'2'',2020,2021,1
268,295,Tyrese Maxey,42.20236476238425,29.859370457059683,1.4133708821180555,57,310,310,11,Tyrese Maxey,PG/SG,1.91/ 6'3'',2020,2021,1
269,296,Al-Farouq Aminu,42.136628468816276,26.909915556683675,1.565840233874339,22,9,9,9,Al-Farouq Aminu,PF/SF,2.03/ 6'8'',2010,2021,11
270,297,Landry Shamet,42.09993551418992,23.895310574424467,1.7618492709297595,58,430,430,8,Landry Shamet,SG/SF,1.93/ 6'4'',2018,2021,3
271,298,Anfernee Simons,42.01977603678881,25.885760565819794,1.623277629024846,63,435,435,13,Anfernee Simons,PG/SG,1.91/ 6'3'',2018,2021,3
272,299,Aaron Gordon,41.90794002938503,16.93968565842423,2.4739502771436555,49,168,168,16,Aaron Gordon,PF/SF,2.03/ 6'8'',2014,2021,7
273,300,Jaylen Nowell,41.871644106534255,25.70355438323788,1.6290215540711408,41,354,354,7,Jaylen Nowell,SG/PG,1.93/ 6'4'',2019,2021,2
274,302,Damion Lee,41.773726052126456,21.042837557291282,1.9851755229489942,57,281,281,6,Damion Lee,SG/SF,1.96/ 6'5'',2017,2021,4
275,303,Ignas Brazdeikis,41.593183517525624,33.26716433455616,1.2502773936256668,13,58,58,36,Ignas Brazdeikis,SF/PF,1.98/ 6'6'',2019,2021,2
276,304,R.J. Hampton,41.563556982517476,28.13274628187213,1.4774084465866648,48,183,183,2,R.J. Hampton,SG/PG,1.98/ 6'6'',2020,2021,1
277,306,Gary Harris,41.35834904590089,19.145823252456044,2.1601760603632125,37,189,189,8,Gary Harris,SG/SF,1.93/ 6'4'',2014,2021,7
278,307,Damian Jones,41.355788545868,27.867820757964243,1.483997938161314,36,250,250,18,Damian Jones,C,2.11/ 6'11'',2016,2021,5
279,308,Abdel Nader,41.21294839036774,22.343739012676835,1.8444964993095097,23,347,347,0,Abdel Nader,SF/PF,1.96/ 6'5'',2017,2021,4
280,309,Chimezie Metu,41.174816376966724,25.452023377720565,1.6177423604368173,35,325,325,26,Chimezie Metu,PF/C,2.06/ 6'9'',2018,2021,3
281,310,Eric Paschall,41.138206469772726,18.84816054811684,2.1826112083856866,40,378,378,2,Eric Paschall,C/PF,1.98/ 6'6'',2019,2021,2
282,311,Danuel House,41.00508469107466,20.545411498207834,1.9958268878991063,35,216,216,35,Danuel House,SF/PF,1.98/ 6'6'',2016,2021,5
283,312,Matisse Thybulle,40.84621665644038,22.916082286871838,1.7824258154213541,62,462,462,13,Matisse Thybulle,SF,1.96/ 6'5'',2019,2021,2
284,313,Denzel Valentine,40.712095972252214,26.94024179401499,1.5112000955127567,61,473,473,1,Denzel Valentine,SF/SG,1.93/ 6'4'',2016,2021,4
285,314,Isaiah Hartenstein,40.693042938931036,24.327773841542495,1.6726989984362213,44,193,193,12,Isaiah Hartenstein,C,2.13/ 7'0'',2018,2021,3
286,315,Austin Rivers,40.68415075508913,26.80784323080515,1.5176211829058512,35,410,410,9,Austin Rivers,SG/PG,1.91/ 6'3'',2012,2021,9
287,316,Willie Cauley-Stein,40.5614074352891,26.27993170489002,1.543436561813502,52,90,90,10,Willie Cauley-Stein,C,2.13/ 7'0'',2015,2021,6
288,317,Otto Porter,40.45339766917601,21.014961841181954,1.924980781544963,28,388,388,12,Otto Porter,SF/PF,2.03/ 6'8'',2013,2021,8
289,318,Luke Kennard,40.39845832723742,28.10451972687678,1.4374363525808185,62,262,262,4,Luke Kennard,SF/SG,1.96/ 6'5'',2017,2021,4
290,319,Nemanja Bjelica,40.26155394853862,33.974511194813765,1.18505175005092,35,46,46,24,Nemanja Bjelica,C/PF,2.09/ 6'10'',2015,2021,6
291,320,Ben McLemore,40.19364951526145,25.095899572224177,1.6016022617394943,50,322,322,23,Ben McLemore,SG/SF,1.91/ 6'3'',2013,2021,8
292,323,Thomas Bryant,40.091129269793875,20.11058611930768,1.9935336062285807,10,74,74,52,Thomas Bryant,C,2.08/ 6'10'',2017,2021,4
293,324,Deni Avdija,40.06671418398153,23.352627728215012,1.7157261551158245,53,18,18,18,Deni Avdija,PF/SF,2.05/ 6'9'',2020,2021,1
294,325,Jalen McDaniels,39.86394178766122,26.432906972489032,1.508117961794781,46,316,316,17,Jalen McDaniels,PF/SF,2.06/ 6'9'',2019,2021,2
295,326,Dean Wade,39.517347889968114,27.918478934993324,1.4154549028971861,62,480,480,0,Dean Wade,PF,2.06/ 6'9'',2019,2021,2
296,328,Moritz Wagner,39.481998988249245,29.51636801132148,1.3376306655719052,41,482,482,2,Moritz Wagner,PF/C,2.11/ 6'11'',2018,2021,3
297,329,Derrick Jones Jr.,39.318112395263306,20.94922953636034,1.8768285643642018,58,255,255,23,Derrick Jones Jr.,SF/PF,1.98/ 6'6'',2016,2021,5
298,330,Georges Niang,39.18096847297329,25.81528699711756,1.5177428969644262,69,351,351,4,Georges Niang,PF/SF,2.01/ 6'7'',2016,2021,5
299,331,Josh Okogie,39.16131122255778,20.289264798140564,1.9301493480506384,58,363,363,3,Josh Okogie,SF/SG,1.93/ 6'4'',2018,2021,3
300,332,Devin Vassell,39.15131937859334,23.380112922374884,1.6745564706458425,60,476,476,4,Devin Vassell,SF/SG,2.01/ 6'7'',2020,2021,1
301,335,Edmond Sumner,38.82843293711724,25.01561069117624,1.5521681008096757,52,448,448,26,Edmond Sumner,SF/SG,1.93/ 6'4'',2017,2021,4
302,339,Markieff Morris,38.390340719257196,21.690837892707084,1.769887401729411,58,339,339,40,Markieff Morris,PF/C,2.03/ 6'8'',2011,2021,10
303,341,Yuta Watanabe,38.20357459093397,25.036149531076152,1.5259365080686123,50,491,491,11,Yuta Watanabe,PF/SF,2.03/ 6'8'',2018,2021,3
304,343,Onyeka Okongwu,37.959184894831196,32.45556850571307,1.169573871064663,48,364,364,4,Onyeka Okongwu,C,2.06/ 6'9'',2020,2021,1
305,345,Stanley Johnson,37.93349001947095,30.637387436846826,1.2381437581015569,61,248,248,16,Stanley Johnson,PF,1.98/ 6'6'',2015,2021,6
306,346,Rodney McGruder,37.85545569034065,35.07057775120692,1.0794078146898476,16,319,319,20,Rodney McGruder,SG/SF,1.93/ 6'4'',2016,2021,5
307,347,Max Strus,37.75114723781859,28.627026871189244,1.31872399490469,38,446,446,24,Max Strus,SG/SF,1.98/ 6'6'',2019,2021,2
308,349,Luke Kornet,37.419466845878134,31.34840602638831,1.1936640993605656,30,270,270,12,Luke Kornet,C/PF,2.18/ 7'2'',2017,2021,4
309,350,Dylan Windler,37.235134880041166,23.469398041812312,1.586539834285663,30,508,508,28,Dylan Windler,SG/SF,1.98/ 6'6'',2020,2021,1
310,352,Jevon Carter,37.05336078101817,32.44351863927581,1.1420882301021977,57,86,86,6,Jevon Carter,PG/SG,1.85/ 6'1'',2018,2021,3
311,353,John Konchar,36.78841457646901,25.467942175595404,1.4444989046551795,40,268,268,10,John Konchar,SF/SG,1.96/ 6'5'',2019,2021,2
312,354,Cody Martin,36.58386630201893,23.22657506794289,1.5750865633440574,50,307,307,8,Cody Martin,SG/SF,1.96/ 6'5'',2019,2021,2
313,355,Tyler Cook,36.577572782839916,25.54510214182392,1.4318820327969248,30,103,103,23,Tyler Cook,PF/C,2.03/ 6'8'',2019,2021,2
314,356,Precious Achiuwa,36.55952425395528,28.562931537750053,1.279964005292544,60,0,0,0,Precious Achiuwa,C/PF,2.06/ 6'9'',2020,2021,1
315,357,Caleb Martin,36.55116308468145,26.807021693857145,1.3634921291184385,51,306,306,7,Caleb Martin,SF/SG,1.96/ 6'5'',2019,2021,2
316,358,Mychal Mulder,36.531878220778175,27.611488367757925,1.323068055376422,60,341,341,42,Mychal Mulder,PG/SG,1.93/ 6'4'',2019,2021,2
317,359,T.J. Warren,36.522925661280894,17.90558178654391,2.039750849577419,4,488,488,8,T.J. Warren,SF/PF,2.03/ 6'8'',2014,2021,7
318,360,Grant Williams,36.4827481466726,19.91749839862473,1.8316932888113937,60,501,501,21,Grant Williams,PF,1.98/ 6'6'',2019,2021,2
319,361,Tony Snell,36.44545003972698,21.43929755564568,1.6999367607606004,45,442,442,20,Tony Snell,SF/SG,1.98/ 6'6'',2013,2021,8
320,363,Trey Lyles,35.72148249633722,25.79442800843345,1.3848526699122048,22,298,298,23,Trey Lyles,PF/C,2.06/ 6'9'',2015,2021,6
321,364,Solomon Hill,35.47190635403886,22.171057246569273,1.5999194787847901,68,206,206,25,Solomon Hill,PF/SF,1.98/ 6'6'',2013,2021,8
322,365,Jake Layman,35.353716108773135,22.43816346086635,1.575606496067843,44,280,280,5,Jake Layman,SF/PF,2.03/ 6'8'',2016,2021,5
323,366,Tremont Waters,35.219799330315034,30.956265145399243,1.1377276672392582,23,492,492,12,Tremont Waters,PG,1.78/ 5'10'',2019,2021,2
324,368,Paul Reed,34.998389097653806,36.61886008551097,0.9557476397661452,23,405,405,4,Paul Reed,PF,2.06/ 6'9'',2020,2021,1
325,369,Kelan Martin,34.994339192557284,28.976140540457255,1.2076949704084041,35,308,308,9,Kelan Martin,PF/SF,1.96/ 6'5'',2019,2021,2
326,370,Chris Chiozza,34.77986317344036,31.293907272435575,1.111394076510072,21,92,92,12,Chris Chiozza,PG,1.80/ 5'11'',2018,2021,3
327,372,Patrick Patterson,34.64396289194676,21.221568562931097,1.6324883238113372,37,379,379,3,Patrick Patterson,PF/C,2.03/ 6'8'',2010,2021,11
328,374,Lamar Stevens,34.45865285378264,25.402767102335645,1.3564920984775062,39,444,444,22,Lamar Stevens,SF,2.03/ 6'8'',2020,2021,1
329,375,Jabari Parker,34.43856456724104,24.223544235734185,1.4216980071990382,12,377,377,1,Jabari Parker,PF,2.03/ 6'8'',2014,2021,7
330,376,P.J. Tucker,34.43234672658447,19.131210213553455,1.7997997169144566,48,470,470,21,P.J. Tucker,PF,1.96/ 6'5'',2006,2021,10
331,377,Trey Burke,34.38787267548134,26.04423410687304,1.3203641364292,61,76,76,54,Trey Burke,PG,1.84/ 6'0'',2013,2021,8
332,379,Brodric Thomas,33.994716068245474,23.564458124549674,1.4426266833112305,31,455,455,6,Brodric Thomas,SG,1.96/ 6'5'',2020,2021,1
333,380,Aaron Nesmith,33.989202150966854,27.664037863379573,1.228642120822147,42,349,349,2,Aaron Nesmith,SF,1.98/ 6'6'',2020,2021,1
334,381,Gabe Vincent,33.767172408803305,32.50904290309008,1.0387009088352348,49,478,478,6,Gabe Vincent,PG/SG,1.91/ 6'3'',2019,2021,2
335,382,Sekou Doumbouya,33.5828866368726,23.970913636702956,1.4009848412891661,55,128,128,15,Sekou Doumbouya,SF/PF,2.03/ 6'8'',2019,2021,2
336,383,Nassir Little,33.52316291297292,30.56332005423832,1.09684297561528,47,289,289,14,Nassir Little,PF/SF,1.96/ 6'5'',2019,2021,2
337,386,Amir Coffey,32.97335203366059,24.616647339643798,1.339473713813122,43,98,98,18,Amir Coffey,SF/SG,2.01/ 6'7'',2019,2021,2
338,389,Paul Watson,32.85439514217103,35.06191738704289,0.9370393176019618,27,493,493,13,Paul Watson,SG/SF,1.98/ 6'6'',2019,2021,2
339,390,Mamadi Diakite,32.83541055718475,33.359460456408875,0.984290816096714,13,119,119,6,Mamadi Diakite,C/PF,2.06/ 6'9'',2020,2021,1
340,391,Semi Ojeleye,32.64633256947522,23.593226635016077,1.3837163129278343,53,360,360,0,Semi Ojeleye,PF/SF,1.98/ 6'6'',2017,2021,4
341,392,Wenyen Gabriel,32.54440405398067,27.628023914259888,1.1779490330172782,21,152,152,0,Wenyen Gabriel,PF/SF,2.06/ 6'9'',2019,2021,2
342,393,Jarrett Culver,32.35345614041875,23.114998478213653,1.39967373006373,33,109,109,29,Jarrett Culver,SF/SG,1.98/ 6'6'',2019,2021,2
343,394,Chandler Hutchison,32.332638992347135,24.53197278107743,1.3179795722456815,24,223,223,42,Chandler Hutchison,SF/PF,2.01/ 6'7'',2018,2021,3
344,396,E'Twaun Moore,32.24607211496857,25.195610392383585,1.2798289707129413,26,335,335,36,E'Twaun Moore,SG/PG,1.91/ 6'3'',2011,2021,10
345,397,Thanasis Antetokounmpo,32.127989091225345,29.916788558557656,1.0739116943765403,54,12,12,12,Thanasis Antetokounmpo,PF/SF,1.98/ 6'6'',2015,2021,3
346,399,Harry Giles,31.776351600940956,17.7362745859086,1.7916023710067694,37,163,163,11,Harry Giles,C/PF,2.11/ 6'11'',2018,2021,3
347,400,Nathan Knight,31.580845521939487,30.70403637805926,1.0285568038379078,30,266,266,8,Nathan Knight,C/PF,2.08/ 6'10'',2020,2021,1
348,402,Spencer Dinwiddie,31.452020202020204,3.6253647843225627,8.675546344475606,3,122,122,9,Spencer Dinwiddie,PG/SG,1.96/ 6'5'',2014,2021,7
349,403,Carsen Edwards,31.34406710670068,27.20738182608227,1.152042754685524,29,136,136,1,Carsen Edwards,PG/SG,1.80/ 5'11'',2019,2021,2
350,404,KZ Okpala,31.126694717157555,26.426851595155306,1.177843475038239,36,366,366,6,KZ Okpala,SF/PF,2.03/ 6'8'',2019,2021,2
351,407,Keita Bates-Diop,30.485897891723436,23.58678677651546,1.2924989817636874,29,33,33,11,Keita Bates-Diop,SF/PF,2.03/ 6'8'',2018,2021,3
352,408,Trent Forrest,30.43024015569082,25.168558741041167,1.209057716366956,28,148,148,6,Trent Forrest,SG,1.93/ 6'4'',2020,2021,1
353,409,Jahlil Okafor,30.387246007909848,18.92890577519468,1.6053355840426187,26,361,361,1,Jahlil Okafor,C,2.08/ 6'10'',2015,2021,6
354,410,Skylar Mays,30.32839640198511,29.605618288187483,1.024413545657515,32,311,311,12,Skylar Mays,SG/PG,1.93/ 6'4'',2020,2021,1
355,412,Obi Toppin,29.935137451687492,16.743908125495793,1.7878226055305175,60,466,466,17,Obi Toppin,PF,2.06/ 6'9'',2020,2021,1
356,414,Rodney Hood,29.681914596217453,20.389014449936614,1.4557797616505064,55,213,213,32,Rodney Hood,SF/SG,2.03/ 6'8'',2014,2021,7
357,415,Javonte Green,29.51329890460583,19.4880075370401,1.5144338818892102,39,176,176,24,Javonte Green,SG/SF,1.93/ 6'4'',2019,2021,2
358,417,Anthony Gill,29.001846421201257,26.947895234896972,1.0762193547362637,25,165,165,13,Anthony Gill,PF,2.03/ 6'8'',2020,2021,1
359,418,Tacko Fall,28.96887796887797,16.588682102028557,1.7463037624511168,16,142,142,0,Tacko Fall,C,2.26/ 7'5'',2019,2021,2
360,419,Sam Merrill,28.82385190918472,27.3047836841677,1.0556337762125483,29,324,324,25,Sam Merrill,SG,1.96/ 6'5'',2020,2021,1
361,420,Kevin Knox,28.702621381447635,20.617028547103867,1.3921803190925675,40,267,267,9,Kevin Knox,PF/SF,2.01/ 6'7'',2018,2021,3
362,422,Killian Tillie,28.143241167434716,24.884317640229177,1.1309629451899057,17,463,463,14,Killian Tillie,PF/C,2.08/ 6'10'',2020,2021,1
363,424,Romeo Langford,27.74291300097752,22.25731115393157,1.2464629176951125,17,278,278,3,Romeo Langford,SG/SF,1.93/ 6'4'',2019,2021,2
364,426,Josh Green,27.33344194634517,17.779511682084355,1.537356167879903,38,178,178,26,Josh Green,SF/PF,1.98/ 6'6'',2020,2021,1
365,427,Mfiondu Kabengele,27.23721590909091,24.446101488428116,1.1141742139123494,36,258,258,0,Mfiondu Kabengele,C/PF,2.06/ 6'9'',2019,2021,2
366,429,Zeke Nnaji,27.141388489025566,19.492724063377235,1.3923856101784449,40,352,352,5,Zeke Nnaji,C/PF,2.11/ 6'11'',2020,2021,1
367,430,Frank Ntilikina,26.992940578214505,22.547114789184377,1.1971793655462626,32,355,355,8,Frank Ntilikina,SG/PG,1.93/ 6'4'',2017,2021,4
368,434,Isaiah Joe,25.777266589383892,23.12032256431624,1.1149181209594525,37,240,240,8,Isaiah Joe,SG,1.96/ 6'5'',2020,2021,1
369,435,Daniel Oturu,25.268817204301076,29.293032860384095,0.8626220891751578,29,374,374,14,Daniel Oturu,C,2.08/ 6'10'',2020,2021,1
370,437,Wesley Iwundu,23.86995167301792,17.957967168988993,1.3292123461634417,40,231,231,6,Wesley Iwundu,SF,2.01/ 6'7'',2017,2021,4
371,438,Tre Jones,23.62270714737508,20.181091372729163,1.1705366529035488,36,253,253,21,Tre Jones,PG,1.91/ 6'3'',2020,2021,1
372,439,Markus Howard,23.507896505376344,31.859707785307375,0.7378566264257261,35,218,218,37,Markus Howard,PG,1.80/ 5'11'',2020,2021,1
373,440,Jahmi'us Ramsey,23.34139784946236,20.860392301467712,1.118933791471414,13,401,401,0,Jahmi'us Ramsey,SG/PG,1.93/ 6'4'',2020,2021,1
374,442,Matt Thomas,23.209537376204043,18.90961395297818,1.227393506494544,43,458,458,9,Matt Thomas,SG,1.93/ 6'4'',2019,2021,2
375,444,Miye Oni,22.95698924731183,15.900207763721523,1.4438169355051642,51,372,372,12,Miye Oni,SF/SG,1.96/ 6'5'',2019,2021,2
376,445,Jalen Smith,22.854166666666668,27.019550580852933,0.8458381496123769,25,440,440,18,Jalen Smith,PF/C,2.08/ 6'10'',2020,2021,1
377,448,Isaac Bonga,21.214938087296975,17.334440525858806,1.2238605598865104,38,52,52,30,Isaac Bonga,SF/PF,2.03/ 6'8'',2018,2021,3
378,450,Nate Hinton,20.435606060606062,16.93258082480133,1.2068807627171525,21,207,207,26,Nate Hinton,SG/SF,1.96/ 6'5'',2020,2021,1
379,451,Bruno Fernando,20.293945769050964,22.436375922635374,0.9045108639215222,31,144,144,2,Bruno Fernando,C,2.06/ 6'9'',2019,2021,2
380,453,Devontae Cacok,19.863636363636363,18.108849791506632,1.0969021551524911,20,80,80,0,Devontae Cacok,PF/C,2.01/ 6'7'',2019,2021,2
381,454,Vernon Carey Jr.,19.3803376547279,26.066825477582043,0.7434866846902916,18,85,85,5,Vernon Carey Jr.,C,2.08/ 6'10'',2020,2021,1
382,457,Devon Dotson,18.4375,23.151663092923883,0.7963790733303852,10,127,127,14,Devon Dotson,PG,1.88/ 6'2'',2020,2021,1
383,458,Cassius Winston,18.434139784946236,17.062912285786304,1.0803630398019561,21,510,510,30,Cassius Winston,PG,1.85/ 6'1'',2020,2021,1
384,459,Udonis Haslem,17.5,,,1,194,194,13,Udonis Haslem,C,2.03/ 6'8'',2003,2021,18
385,460,Kris Dunn,16.865479390681003,9.702298517504993,1.7382973076175838,3,133,133,20,Kris Dunn,PG/SG,1.91/ 6'3'',2016,2021,5
386,461,Bol Bol,16.556451612903224,9.934114808645885,1.6666257569817664,31,50,50,28,Bol Bol,C/PF,2.18/ 7'2'',2019,2021,2
387,462,Juwan Morgan,15.338827838827838,25.61391189201228,0.5988475287763938,26,337,337,38,Juwan Morgan,PF,2.03/ 6'8'',2019,2021,2
388,464,Grant Riller,14.583333333333334,10.668619612885466,1.3669372292287665,6,409,409,8,Grant Riller,PG/SG,1.91/ 6'3'',2020,2021,1
389,465,Elijah Hughes,13.653846153846157,10.049290913454932,1.3586875204861577,17,220,220,39,Elijah Hughes,SF,1.98/ 6'6'',2020,2021,1
390,466,Udoka Azubuike,12.083333333333332,11.564175661505612,1.0448936168927174,15,21,21,21,Udoka Azubuike,C,2.13/ 7'0'',2020,2021,1
391,468,Tyrell Terry,10.959433040078201,12.558781888644818,0.8726509574935218,10,453,453,4,Tyrell Terry,PG,1.91/ 6'3'',2020,2021,1
392,469,Tyler Bey,10.547327336641853,7.921265069855893,1.3315205644082473,18,43,43,21,Tyler Bey,SG/SF,2.01/ 6'7'',2020,2021,1
393,470,Nick Richards,9.237231182795698,6.649470809593465,1.3891678672337,17,407,407,6,Nick Richards,C,2.11/ 6'11'',2020,2021,1
394,472,Jared Harper,3.666666666666667,3.0390970881350783,1.20649869363558,8,187,187,6,Jared Harper,PG,1.78/ 5'10'',2019,2021,2
